{"cameraMode":{"drawMode":0,"name":"Shaded","section":"Shading Mode"},"sceneLighting":false,"audioPlay":false,"sceneViewState":{"m_AlwaysRefresh":false,"showFog":true,"showSkybox":false,"showFlares":true,"showImageEffects":true,"showParticleSystems":true,"showVisualEffectGraphs":true,"m_FxEnabled":true},"in2DMode":false,"pivot":{"x":-2.1503055095672609,"y":-0.15462732315063477,"z":-0.001134037971496582},"rotation":{"x":-0.003394603030756116,"y":0.9429358243942261,"z":-0.3328188955783844,"w":-0.009617584757506848},"size":6.955872058868408,"orthographic":false}