{"cameraMode":{"drawMode":0,"name":"Shaded","section":"Shading Mode"},"sceneLighting":false,"audioPlay":false,"sceneViewState":{"m_AlwaysRefresh":false,"showFog":true,"showSkybox":false,"showFlares":true,"showImageEffects":true,"showParticleSystems":true,"showVisualEffectGraphs":true,"m_FxEnabled":true},"in2DMode":false,"pivot":{"x":-2.1006031036376955,"y":-6.927885055541992,"z":-33.04644012451172},"rotation":{"x":0.0017060439568012953,"y":0.9818733334541321,"z":-0.18935224413871766,"w":0.008837750181555748},"size":25.11612892150879,"orthographic":false}